Country or region,Score,GDP per capita,Social support,Healthy life expectancy,Freedom to make life choices,Generosity,Perceptions of corruption,Year
Finland,7.769,1.34,1.587,0.986,0.596,0.153,0.393,2019
Finland,7.632,1.305,1.592,0.874,0.681,0.202,0.393,2018
Finland,7.468999863,1.443571925,1.540246725,0.80915767,0.617950857,0.245482773,0.382611543,2017
